{
  "feedback": [
    {
      "id": 1,
      "rating": 10,
      "text": "This is feedback item 1 coming from the backend"
    },
    {
      "id": 2,
      "rating": 6,
      "text": "This is feedback item 1 coming from the backend"
    },
    {
      "id": 3,
      "rating": 9,
      "text": "This is feedback item 1 coming from the backend"
    },
    {
      "rating": "10",
      "text": "New Feedback Item",
      "id": 7
    },
    {
      "rating": "10",
      "text": "New Feedback Item",
      "id": 8
    },
    {
      "rating": "10",
      "text": "New Feedback Item",
      "id": 9
    },
    {
      "text": "New ghjItemyyy",
      "rating": 7,
      "id": 10
    }
  ]
}